building,city,id,street
212,North Yolanda Wintheiser view,1,Marlon Roads
6737,Eli side,2,Maya Plains
958,East Cielo Torp shire,3,Tatyana Burgs
670,Letha mouth,4,Hand Row
1640,Toy mouth,5,Olaf Camp
6413,Kuphal chester,6,Johns Wall
73523,Leuschke burgh,7,Mackenzie Branch
5864,North Justus Smith port,8,Modesto Brooks
38276,Schulist haven,9,Olson Springs
5996,McCullough haven,10,Hester Meadows
0419,East Ana Abbott fort,11,Samson Divide
751,Gulgowski ville,12,Precious Branch
29724,Effertz side,13,Monique Vista
4524,East Donald Hartmann ville,14,Koepp Flat
643,Reynolds ton,15,Etha Estate
7955,Bauch port,16,Florian Gardens
93222,Bruen view,17,Mike Circles
9307,Bayer mouth,18,Lincoln Place
186,Leonor land,19,Eino Crescent
4302,Wyman berg,20,Lang Key
395,Stark mouth,21,Graham Port
2002,Peyton port,22,Mayer Circle
801,Crist mouth,23,Ian Dam
833,Ziemann mouth,24,Crist Terrace
66328,Bode stad,25,Fisher Highway
323,Volkman town,26,Zulauf Manor
043,Hagenes furt,27,Crooks Avenue
1156,Hessel view,28,Stoltenberg Spring
542,Roberts borough,29,Felix Trail
373,Davis view,30,Tessie Street
2869,Russell chester,31,Thiel Islands
6159,Dooley mouth,32,Elsa Gardens
2466,Dach town,33,Hosea Mill
3231,Kacey fort,34,Barrett Road
98385,Nicola stad,35,Chauncey Island
4494,Daniel bury,36,Aron Pike
083,Bashirian borough,37,Oral Ranch
92945,Kunde mouth,38,Amara Land
7924,Stoltenberg chester,39,Boris Crescent
716,Estelle burgh,40,Tavares Circle
166,Stroman furt,41,Celia Parks
50663,Port Percy Robel haven,42,Rosenbaum Trail
7689,Rosenbaum ville,43,Effertz Forge
5989,Schoen side,44,Emerson Junctions
06599,Mante chester,45,April Well
7875,Port Gregg Nader fort,46,Gerhold Courts
59678,Lindgren burgh,47,Marlon Squares
875,Barton shire,48,Osinski Ridges
83176,Lemke borough,49,Nick Ways
1910,Pete land,50,Derick Tunnel
5998,East Samanta Braun side,51,Kautzer Light
173,Murazik mouth,52,Murl Union
41286,Bins land,53,Hyatt Isle
733,Weissnat bury,54,Graciela Walks
3037,East Lacey Jerde borough,55,Kunde Roads
2514,Elisa haven,56,Palma Camp
188,Bell furt,57,Sierra Views
00366,Powlowski chester,58,Isidro Alley
69765,Schimmel view,59,Wilkinson Meadow
26051,Rudy borough,60,Aryanna Port
51783,Bednar furt,61,Karson Overpass
9429,Prosacco view,62,Bode Extension
069,Esther haven,63,Piper Parkways
405,East Emelia Hoeger shire,64,Felicia Cliff
8801,West Autumn Gerlach mouth,65,Stark Plain
189,West Brigitte Lind chester,66,Ward Lodge
53284,Lockman berg,67,Virginie Walks
1285,East Gustave Will shire,68,Kuhic Brook
48257,D'Amore shire,69,Izaiah Route
61714,Senger chester,70,Vaughn Ridge
5264,Hickle ton,71,Farrell Lodge
8011,Mosciski burgh,72,Christa Spur
5569,Schaden town,73,Homenick Course
310,Huels town,74,Madelyn Mission
28646,Cummerata burgh,75,Jazmin Islands
93472,Sanford land,76,Waters Orchard
693,Lake Madisen Rosenbaum land,77,Sydni Summit
0867,Cayla mouth,78,Dakota Mall
316,Ullrich land,79,Delia Track
49220,Hegmann chester,80,Antonia Cliff
2391,Benedict mouth,81,Towne Land
53920,South Rosa Sporer mouth,82,Felipe Creek
6629,New Hazle Runolfsdottir burgh,83,Hilda Landing
489,Grant land,84,Stark Lodge
5970,Bergstrom furt,85,Dillon Street
67385,Domenico borough,86,Nikita Mountains
4325,Rowe mouth,87,Flatley Mission
56224,Rutherford side,88,Larson Bypass
98345,Romaguera mouth,89,Geovanny Ferry
81359,Haag chester,90,Danika Loaf
520,East Mekhi Thiel town,91,Giovanni Causeway
99478,Oberbrunner stad,92,Ruecker Street
473,Frami port,93,Wilber Mountains
09228,New Josue Douglas berg,94,Gideon Well
08406,South Colten Heller berg,95,Jalon Skyway
8992,Rolfson stad,96,Harrison Greens
881,Heller mouth,97,Esperanza Motorway
12500,Murphy view,98,Rebecca Shoals
7901,Johns borough,99,Langosh Well
6147,East Alisha Kihn port,100,Haag Trace
718,Kole bury,101,Jess Land
81258,Ritchie land,102,Jast Island
4497,Schumm borough,103,Trantow Divide
442,Kuvalis ville,104,Swift Overpass
7273,Mittie haven,105,Friesen Stream
90363,Hane ville,106,Cristina Landing
660,Rippin land,107,Little Ramp
6300,Kovacek ville,108,Owen Lights
21244,Domenico town,109,Zion Turnpike
980,Witting ville,110,Lolita Unions
9124,Crist land,111,Freida Drives
2971,Port Bell Bechtelar port,112,Weber Points
766,Ephraim stad,113,Collier Locks
2566,Ruben ton,114,Shaina Parkways
081,Tillman land,115,Myrtice Ville
996,Hackett mouth,116,Joan Islands
9168,D'Amore burgh,117,Leuschke Trail
9241,Lynch side,118,Vandervort Knoll
0744,Marquardt shire,119,Rossie Radial
621,Lenore mouth,120,Zoie Prairie
98482,New Jess Emmerich view,121,Demarco Prairie
184,Russel view,122,Schulist Lodge
7726,Durgan shire,123,Herman Harbors
2977,Fritsch side,124,Christiana Hill
21698,Ward land,125,Laverne Circles
496,Ullrich haven,126,Goodwin Square
84186,Cremin fort,127,Earl Mountains
23228,Darius ville,128,Rohan Union
57821,O'Reilly ton,129,Vicky Meadow
55600,Hoppe bury,130,Jessy Mall
5500,Hyatt mouth,131,Spencer Haven
822,Morar berg,132,Sienna Overpass
267,Ladarius berg,133,Louvenia Turnpike
5570,North Hellen Kovacek chester,134,Witting Canyon
402,Bins mouth,135,Jacobs Cliff
89061,Bednar port,136,Mozell Causeway
9367,Cormier fort,137,Oberbrunner Circles
6728,Wisozk stad,138,Velma Vista
097,Port Colten Carroll chester,139,Stanton Lakes
49372,Emma land,140,Keyshawn Plaza
2797,Thompson land,141,Karina Mall
118,Cummings mouth,142,Anderson Keys
39699,East Nedra Huel borough,143,Okuneva Turnpike
79023,Orn haven,144,Jonas Forest
99046,Hettinger burgh,145,Keebler Orchard
1401,Lake Brain Keeling burgh,146,Metz Springs
4596,Bartoletti port,147,Reichel Glens
5629,Cesar ton,148,Okuneva Forest
382,Veum fort,149,Vickie Corner
45696,Kling shire,150,Celestine Haven
24788,Lemke side,151,Bruen Loop
32389,Emilia port,152,Klein Grove
584,McLaughlin ville,153,Brown Pass
5785,Heidenreich fort,154,Lemke Park
822,Heller side,155,Flatley Branch
792,Kub fort,156,Cora Harbor
80013,West Albert Olson bury,157,Krajcik Station
84216,Kenneth berg,158,Berniece Rue
109,West Norma Luettgen fort,159,Lauren Landing
05083,Jarrell ton,160,Zoey Loaf
351,Kristopher chester,161,Damon Radial
5166,Batz stad,162,Hilton Camp
90831,Dooley berg,163,Champlin Spring
5000,Saige ton,164,Nolan Village
1331,McDermott ville,165,Koch Extensions
70940,Fahey haven,166,Schuppe Freeway
456,Huel haven,167,Shanahan Terrace
151,South Isidro Morar furt,168,Hartmann Burg
814,Kiley view,169,Steuber Spring
35656,Corkery berg,170,Reina Shoal
4438,East Tanya Shields town,171,Stroman Track
864,Predovic town,172,Moore Glens
78301,Estrella stad,173,Heller Mews
33069,Donato ton,174,Kuphal Overpass
64978,Medhurst furt,175,Elian Meadows
1323,Kessler bury,176,Rosa Ford
084,East Daron Beier ton,177,Nicolas Square
9664,Joanne side,178,Kertzmann Lodge
0138,West Lesley Deckow side,179,Gabe Gateway
94155,Stiedemann furt,180,Osbaldo View
688,West Bria Feeney land,181,Mckenna Village
0102,Cierra borough,182,Etha Corners
93387,Von view,183,Kiehn Coves
53980,McClure shire,184,Ima Curve
10292,North Otho Zboncak stad,185,Eldora Ways
73492,Ashleigh chester,186,Funk Burg
5398,Lake Ottis Fritsch bury,187,Judy Square
531,Hettinger mouth,188,Kihn Squares
530,Hyatt view,189,Welch Burg
4460,Lake Dovie Conn bury,190,Lockman Vista
9174,Moen side,191,Eloisa River
835,South Arnulfo Schroeder ton,192,Rashad Common
03685,West Kira Mayer fort,193,Ankunding Lakes
517,Jones view,194,Hansen Mission
37054,West Ward Kessler view,195,Bernhard Dam
42117,Frances mouth,196,Jewel Islands
303,Hackett borough,197,Aletha Village
04050,North Linwood Collins town,198,Lucie Village
33417,Gaylord shire,199,Bridgette Causeway
726,Murphy ton,200,Franecki Meadows
5664,Sandrine town,201,Arnulfo Station
58898,Lake Arlo Thiel haven,202,Lenora Squares
6908,Metz berg,203,Johnson Parkways
582,Schaefer port,204,Dariana Lake
0941,West Cheyenne Predovic mouth,205,Frami Walks
77086,West Carole Spinka town,206,Gleason Village
225,North Katelynn Schamberger mouth,207,Malachi Dam
87340,New Johan Mann town,208,Torrey Walk
7847,Kreiger berg,209,Veum Falls
3707,Swaniawski fort,210,Mustafa Streets
032,Wehner mouth,211,Cole Garden
36632,South Anne Rippin ton,212,Raynor Creek
5907,East Anastasia Johnston stad,213,Doyle Trafficway
584,Virginie bury,214,Kirlin Forge
45604,Torphy chester,215,Lindgren Parks
234,South Sammy Yost ton,216,Monahan Port
979,Port Macey Pollich borough,217,Bernhard Center
2195,Morar fort,218,Danyka Cove
8386,Rau berg,219,Felicity Curve
57910,Glover borough,220,Grady Mount
4014,Torp furt,221,Lindsey Row
60885,Bernadine view,222,Ashlynn Tunnel
831,Dach ville,223,Sid Summit
74861,Felicia view,224,Kayleigh Dam
5428,Israel town,225,Jamel Mews
829,Ernser fort,226,Gilda Light
63062,East Margarita Wunsch mouth,227,Wunsch Oval
7548,Konopelski town,228,Charlotte Key
389,Little bury,229,Joanne Dam
64671,Pansy furt,230,Amanda Shoal
42376,Schroeder borough,231,Koelpin Forest
1418,Pfannerstill ton,232,Kohler River
0179,New Axel Greenholt mouth,233,Boris Wells
46318,Ethelyn town,234,Keeley Orchard
313,Boehm berg,235,Brandy Motorway
580,North Kyler Kerluke port,236,Botsford Road
6225,Sawayn town,237,Fatima Prairie
170,North Willis Marquardt burgh,238,Lueilwitz Roads
738,New Howard Schroeder berg,239,Schiller Lakes
9231,Stracke furt,240,Blanca Stream
783,New Marie Purdy port,241,Kshlerin Ports
101,Lake Deontae Daniel side,242,Keeling Locks
474,East Leonor O'Reilly burgh,243,Ray Glens
104,Ocie land,244,Tia Loop
773,Littel borough,245,Kaitlin Row
605,Kiel burgh,246,Brant Corner
5838,Mueller town,247,Dibbert Court
16639,Dallin berg,248,Parisian Trafficway
04659,Keebler furt,249,Fredy Squares
8276,Erdman furt,250,Heaney Creek
