body,email,home_address_id,id,phone,user_id
multi-tasking,lola@example.net,1,1,888.315.4045,1
secondary,aileen@example.org,2,2,1-454-963-6151 x68455,2
even-keeled,marianne@example.net,3,3,392.928.9961 x0452,3
actuating,ally@example.com,4,4,956-434-5769 x0754,4
zero administration,jazmyn@example.net,5,5,1-945-408-3587 x2536,5
mission-critical,annamae@example.net,6,6,786-407-4886 x14237,6
tangible,nya@example.com,7,7,518.274.7985 x94312,7
contextually-based,elda@example.org,8,8,(882) 061-5891 x95946,8
responsive,darian@example.net,9,9,555.273.3134,9
3rd generation,brandy@example.net,10,10,958.003.0114,10
asynchronous,daniela@example.org,11,11,1-537-201-3713 x874,11
hybrid,willis@example.net,12,12,1-765-885-8759 x43773,12
attitude-oriented,yoshiko@example.org,13,13,(966) 492-3146 x19696,13
tertiary,misael@example.net,14,14,(267) 136-3236 x305,14
zero tolerance,barry@example.org,15,15,582-780-8474 x208,15
needs-based,iva@example.org,16,16,299.667.5124 x15055,16
demand-driven,ryleigh@example.com,17,17,354-519-6051,17
discrete,sage@example.net,18,18,1-745-838-4233,18
well-modulated,angela@example.net,19,19,642-322-4737 x4388,19
neutral,kaleb@example.net,20,20,(458) 753-7635 x827,20
asymmetric,nathan@example.net,21,21,(686) 977-9905 x7695,21
zero defect,buford@example.com,22,22,1-227-229-0626 x2974,22
dynamic,kian@example.com,23,23,383.835.4484 x5407,23
real-time,minnie@example.org,24,24,(904) 533-6878 x82783,24
stable,jayda@example.org,25,25,1-647-515-1074 x392,25
tangible,carmine@example.org,26,26,203.202.5965 x1729,26
fault-tolerant,sanford@example.com,27,27,964.186.1083 x41973,27
transitional,bret@example.com,28,28,(659) 219-7611 x229,28
analyzing,adrain@example.com,29,29,322-640-3936 x553,29
mission-critical,adaline@example.com,30,30,987.866.3279,30
incremental,erwin@example.org,31,31,(904) 731-9316 x475,31
multimedia,gunnar@example.com,32,32,809.922.7163,32
homogeneous,fernando@example.com,33,33,(211) 854-6743 x130,33
reciprocal,rafaela@example.com,34,34,(497) 957-6283 x01824,34
well-modulated,chet@example.net,35,35,190.804.0767 x2729,35
transitional,carlo@example.com,36,36,(401) 443-1779 x41274,36
neutral,ike@example.net,37,37,(567) 852-1961 x811,37
bottom-line,candace@example.org,38,38,382-509-7395 x642,38
interactive,santina@example.com,39,39,455-259-0262,39
discrete,earlene@example.org,40,40,1-253-807-7100 x361,40
encompassing,bernita@example.net,41,41,618.542.4837 x3848,41
bandwidth-monitored,madonna@example.com,42,42,152.241.7286 x4956,42
executive,kayley@example.com,43,43,647.953.9838 x3191,43
user-facing,brannon@example.com,44,44,888.281.7989 x201,44
even-keeled,ariane@example.net,45,45,493-502-9534 x7855,45
responsive,nicole@example.net,46,46,(750) 366-2499 x3861,46
mobile,zack@example.net,47,47,1-667-722-1818 x648,47
national,donald@example.com,48,48,1-340-310-7935 x23614,48
local,gunner@example.org,49,49,(190) 335-9186 x198,49
full-range,blair@example.org,50,50,696.959.7593 x5965,50
bifurcated,henderson@example.net,51,51,573.548.0888 x036,51
asynchronous,araceli@example.net,52,52,302-851-0796,52
content-based,adaline@example.net,53,53,(758) 340-3999,53
needs-based,john@example.net,54,54,436-635-3349 x9637,54
global,ava@example.com,55,55,(349) 944-9715,55
mission-critical,amari@example.org,56,56,750.018.9795 x109,56
didactic,jettie@example.net,57,57,201.310.0240,57
interactive,shanelle@example.net,58,58,258.096.2029,58
human-resource,cathryn@example.com,59,59,165.164.2970 x46905,59
needs-based,irma@example.com,60,60,1-818-350-3669 x7933,60
dynamic,juvenal@example.com,61,61,1-809-833-1561 x510,61
static,randal@example.net,62,62,976-017-3979 x093,62
clear-thinking,percy@example.net,63,63,877-948-1050 x6678,63
bi-directional,deborah@example.org,64,64,(402) 691-8912 x63720,64
clear-thinking,mikayla@example.net,65,65,817.178.7089 x24208,65
eco-centric,kellie@example.net,66,66,532.113.6745 x20917,66
radical,ofelia@example.com,67,67,655.108.5877 x77784,67
uniform,bianka@example.com,68,68,1-869-089-4670,68
stable,ceasar@example.net,69,69,1-584-300-2489,69
discrete,mark@example.net,70,70,316-648-9435,70
systemic,guiseppe@example.org,71,71,1-896-600-7787 x780,71
real-time,rebeca@example.net,72,72,1-719-513-3382 x16934,72
object-oriented,ola@example.com,73,73,(881) 875-7214 x908,73
well-modulated,kathryne@example.org,74,74,1-792-453-4783 x116,74
dedicated,estevan@example.net,75,75,(942) 217-6991 x3223,75
zero tolerance,maureen@example.net,76,76,1-875-688-6594 x819,1
discrete,sister@example.com,77,77,1-768-914-1054 x5689,2
full-range,josie@example.com,78,78,1-862-919-3235 x2503,3
hybrid,beaulah@example.org,79,79,1-128-670-4944 x190,4
explicit,stella@example.com,80,80,1-213-266-9404 x981,5
tangible,edgardo@example.org,81,81,217.935.1319 x8525,6
impactful,billy@example.net,82,82,690.504.8272 x75887,7
national,humberto@example.com,83,83,1-559-165-2368 x75523,8
fault-tolerant,tony@example.com,84,84,(941) 827-0061 x5017,9
methodical,florida@example.org,85,85,(340) 871-5401,10
non-volatile,wilburn@example.org,86,86,1-353-647-9200 x5326,11
motivating,carissa@example.org,87,87,1-526-139-7221 x2216,12
grid-enabled,moises@example.org,88,88,199.774.7257 x566,13
uniform,simeon@example.net,89,89,(842) 204-4038,14
system-worthy,abigail@example.com,90,90,1-503-873-7158,15
intangible,mable@example.org,91,91,226-729-8773,16
bottom-line,irwin@example.com,92,92,1-995-773-3592 x78725,17
maximized,mack@example.net,93,93,833-415-5928,18
upward-trending,anastasia@example.com,94,94,954.234.5390 x27131,19
optimizing,kasandra@example.org,95,95,392.334.1918,20
scalable,georgiana@example.com,96,96,314.124.6318,21
solution-oriented,trevor@example.net,97,97,(779) 846-6224 x1906,22
uniform,glen@example.org,98,98,953-586-9107,23
transitional,reggie@example.org,99,99,1-919-575-7881 x8674,24
empowering,gregorio@example.com,100,100,992-271-7916 x7514,25
asynchronous,sammie@example.net,1,101,848-500-8511 x088,26
systematic,kiana@example.com,2,102,484-682-2191 x1997,27
scalable,art@example.org,3,103,766-231-9860,28
explicit,mackenzie@example.org,4,104,605-167-7818,29
holistic,douglas@example.net,5,105,(362) 935-5080 x43300,30
zero tolerance,robbie@example.net,6,106,1-744-020-9178 x057,31
neutral,colin@example.org,7,107,1-325-950-0941 x190,32
fresh-thinking,layla@example.com,8,108,382.418.8568 x87696,33
grid-enabled,wendell@example.net,9,109,471-352-2267 x085,34
contextually-based,arno@example.net,10,110,1-487-358-2421 x8770,35
6th generation,wilfrid@example.net,11,111,(315) 106-3668,36
radical,ayla@example.org,12,112,(798) 202-6672 x9681,37
4th generation,aron@example.com,13,113,639.491.9680 x22848,38
even-keeled,carolyn@example.net,14,114,1-398-053-4498,39
5th generation,simeon@example.org,15,115,879-026-3383 x246,40
real-time,lynn@example.org,16,116,1-980-883-0258,41
real-time,pierce@example.net,17,117,190.864.8537 x46546,42
dedicated,kevon@example.net,18,118,915-247-0136 x9424,43
systemic,lurline@example.org,19,119,955.856.7836 x33065,44
analyzing,kelsi@example.com,20,120,416.536.3130,45
human-resource,jaiden@example.org,21,121,(314) 143-3701 x4470,46
global,nikolas@example.org,22,122,716-615-0555 x4240,47
intermediate,hellen@example.com,23,123,376-706-5906 x81730,48
didactic,verna@example.com,24,124,(998) 511-9155,49
well-modulated,monserrat@example.org,25,125,112-203-6177 x2110,50
real-time,juvenal@example.net,26,126,669.349.3469 x35742,51
local,hobart@example.com,27,127,(387) 374-6414 x80242,52
systemic,annabell@example.org,28,128,614.535.1141 x3415,53
impactful,michelle@example.net,29,129,333.413.1635,54
fault-tolerant,jasper@example.net,30,130,423-277-6782 x947,55
leading edge,rosetta@example.net,31,131,(208) 115-9057 x18810,56
object-oriented,dolores@example.org,32,132,1-672-351-9872 x6687,57
zero administration,priscilla@example.com,33,133,353.432.2133 x1439,58
national,blaze@example.com,34,134,1-830-447-9416 x6531,59
demand-driven,lexi@example.com,35,135,310.107.9521,60
web-enabled,anais@example.net,36,136,1-922-380-6827 x4894,61
systematic,gerda@example.org,37,137,161-673-8175 x0978,62
bi-directional,carley@example.net,38,138,343-845-3767,63
didactic,marielle@example.net,39,139,1-922-377-7378 x361,64
homogeneous,emmanuelle@example.net,40,140,644.010.0087 x7809,65
dedicated,micaela@example.com,41,141,122.097.9796,66
user-facing,elenor@example.net,42,142,510-586-8114 x274,67
value-added,shayne@example.net,43,143,909.914.0309,68
leading edge,mallory@example.com,44,144,710-020-8782 x1057,69
intermediate,vance@example.org,45,145,(687) 173-9747,70
motivating,shea@example.net,46,146,1-556-474-3087 x73236,71
transitional,august@example.com,47,147,1-326-074-8685 x97717,72
foreground,dashawn@example.org,48,148,1-909-324-4747 x155,73
multi-tasking,alfonso@example.org,49,149,(768) 519-5646,74
static,luna@example.org,50,150,292.721.8868 x528,75
discrete,scotty@example.net,51,151,1-906-797-3788 x31471,1
uniform,alejandrin@example.org,52,152,870.943.3124,2
composite,roscoe@example.org,53,153,685-868-8284 x9611,3
secondary,rosamond@example.org,54,154,174.522.6892 x637,4
multimedia,dayana@example.org,55,155,1-390-260-1615 x8538,5
zero administration,juliet@example.com,56,156,601.288.1515 x80424,6
value-added,amya@example.org,57,157,(694) 320-0391 x051,7
asymmetric,eleanora@example.com,58,158,(830) 165-1560 x743,8
multi-tasking,marianne@example.net,59,159,1-194-447-6807 x8099,9
transitional,mandy@example.org,60,160,(952) 804-3150 x47088,10
24/7,jarred@example.org,61,161,301-745-9918 x250,11
web-enabled,kristopher@example.org,62,162,429-413-6689 x18226,12
hybrid,tate@example.net,63,163,878.243.8286 x557,13
bandwidth-monitored,bernita@example.com,64,164,(507) 135-4186 x465,14
non-volatile,fleta@example.org,65,165,710-386-4177 x3623,15
bifurcated,steve@example.com,66,166,242.589.8951 x3284,16
bifurcated,dorthy@example.com,67,167,1-983-902-2286 x719,17
real-time,brenda@example.com,68,168,635.745.7005 x47886,18
well-modulated,milan@example.org,69,169,(482) 829-8511 x983,19
scalable,trent@example.net,70,170,547.141.8523 x00815,20
global,margarett@example.net,71,171,1-696-295-3681 x38569,21
scalable,bryon@example.net,72,172,1-747-464-8480 x20283,22
global,candida@example.net,73,173,500.261.3824 x3360,23
zero tolerance,ron@example.com,74,174,1-475-725-3029 x657,24
analyzing,vernice@example.org,75,175,1-227-214-8013 x368,25
bifurcated,eldon@example.net,76,176,1-137-221-3544 x1137,26
secondary,declan@example.com,77,177,399-746-6112,27
maximized,makayla@example.com,78,178,(454) 429-6681,28
5th generation,peter@example.net,79,179,1-451-237-4410,29
upward-trending,nat@example.com,80,180,(921) 765-8296 x36721,30
4th generation,brannon@example.com,81,181,474.972.7451,31
context-sensitive,gene@example.net,82,182,1-182-656-9364 x189,32
mission-critical,laurie@example.org,83,183,(165) 321-3330 x5244,33
4th generation,keenan@example.org,84,184,1-303-306-6170 x3290,34
asymmetric,hannah@example.com,85,185,1-678-034-8136 x648,35
composite,antone@example.org,86,186,658-003-5275,36
dynamic,mckenzie@example.com,87,187,(641) 055-9648 x1783,37
object-oriented,flossie@example.net,88,188,1-730-142-2562 x96120,38
methodical,lloyd@example.com,89,189,900.632.4366 x853,39
discrete,fiona@example.org,90,190,556.369.8122 x24493,40
system-worthy,hugh@example.org,91,191,633.560.0877 x12547,41
solution-oriented,baylee@example.org,92,192,1-595-066-3192 x77151,42
interactive,jodie@example.org,93,193,1-708-415-1572,43
optimizing,bernadine@example.net,94,194,290.701.6380,44
interactive,brielle@example.org,95,195,(390) 256-5543,45
analyzing,orion@example.com,96,196,1-981-951-8214 x704,46
foreground,louisa@example.com,97,197,(885) 987-4065 x3366,47
background,alex@example.com,98,198,426.024.1132,48
encompassing,daniella@example.net,99,199,767-395-2634 x04197,49
needs-based,derrick@example.com,100,200,938-020-2475 x5353,50
zero tolerance,meagan@example.net,1,201,1-165-583-5273 x9331,51
disintermediate,joy@example.net,2,202,507-693-2238 x229,52
cohesive,lindsey@example.com,3,203,1-321-762-3040 x399,53
systemic,cristopher@example.net,4,204,138-024-2654 x34796,54
bi-directional,kenneth@example.net,5,205,1-501-758-4096 x74919,55
methodical,lucile@example.org,6,206,308-781-8698 x4115,56
well-modulated,lucienne@example.com,7,207,571.938.6088,57
solution-oriented,mackenzie@example.org,8,208,928.073.9530 x67171,58
multimedia,derick@example.net,9,209,244.662.8774 x033,59
human-resource,maye@example.com,10,210,814-520-0193 x4228,60
multi-state,electa@example.net,11,211,1-310-934-9633 x1261,61
background,elliott@example.com,12,212,984.318.4066 x112,62
secondary,haskell@example.net,13,213,1-348-192-6403 x40178,63
asynchronous,verner@example.com,14,214,1-237-692-4665 x29022,64
empowering,hailee@example.org,15,215,1-364-106-5475 x645,65
zero defect,ardith@example.org,16,216,(577) 462-0452,66
explicit,kelley@example.org,17,217,309.623.1127 x00820,67
leading edge,cedrick@example.org,18,218,133-483-9735 x68782,68
24 hour,savanna@example.net,19,219,498.137.8307,69
upward-trending,lila@example.net,20,220,188.015.2374 x0193,70
3rd generation,braulio@example.com,21,221,1-674-164-6443 x68909,71
homogeneous,napoleon@example.com,22,222,743-576-3361,72
context-sensitive,vern@example.com,23,223,395.324.7980,73
interactive,darrin@example.org,24,224,218-210-2169,74
multimedia,eloy@example.net,25,225,799.322.5133 x93456,75
bandwidth-monitored,aliza@example.org,26,226,934-339-1929 x79456,1
dedicated,thea@example.org,27,227,(987) 939-4748 x0170,2
foreground,dixie@example.net,28,228,329.738.9825 x00956,3
secondary,kavon@example.net,29,229,348-714-4817 x0929,4
client-driven,oma@example.org,30,230,(826) 602-9967 x7685,5
holistic,maegan@example.net,31,231,(215) 255-3478 x994,6
solution-oriented,karianne@example.net,32,232,776-344-1079 x8501,7
web-enabled,melisa@example.org,33,233,(409) 034-8647 x5913,8
responsive,christian@example.org,34,234,218.782.4275 x864,9
zero defect,claudia@example.net,35,235,(176) 085-2245 x518,10
non-volatile,josh@example.net,36,236,898.424.1992 x63655,11
impactful,landen@example.org,37,237,219-735-5174 x034,12
neutral,tamara@example.net,38,238,(275) 020-5111 x987,13
3rd generation,lydia@example.org,39,239,1-753-799-4768 x8479,14
multi-state,jana@example.net,40,240,1-596-640-4054 x8819,15
directional,dulce@example.net,41,241,244-271-7306 x334,16
encompassing,macey@example.net,42,242,1-477-133-7578,17
object-oriented,junior@example.com,43,243,205-053-8817,18
foreground,alena@example.org,44,244,1-861-011-3366,19
object-oriented,nathanael@example.org,45,245,810.703.1870 x947,20
context-sensitive,ashleigh@example.com,46,246,411-086-4695 x8030,21
logistical,madisyn@example.com,47,247,(311) 756-4482 x502,22
optimizing,brionna@example.com,48,248,523.719.4292 x260,23
real-time,sonny@example.com,49,249,(532) 380-6679 x39836,24
asynchronous,lysanne@example.net,50,250,678.212.7695,25
