address_id,id,name
1,1,Casper and Stamm LLC
2,2,Kunze and Johnston LLC
3,3,Stiedemann and Sons
4,4,Ritchie and Cormier Inc
5,5,Balistreri and Nikolaus Group
6,6,Schumm and Harris Inc
7,7,Altenwerth Group
8,8,Kuvalis and Satterfield Group
9,9,Kassulke and Casper Inc
10,10,Green Group
11,11,Morissette and King Inc
12,12,Koss and Steuber Inc
13,13,Leannon and Dooley and Sons
14,14,Schumm LLC
15,15,Hodkiewicz and Lubowitz LLC
16,16,Spinka and Gerhold Inc
17,17,Sawayn Inc
18,18,Sawayn and Kertzmann Group
19,19,Beahan Inc
20,20,Gleichner and Aufderhar Group
21,21,Anderson Group
22,22,D'Amore LLC
23,23,Murphy and Veum LLC
24,24,Crist and Carroll and Sons
25,25,Volkman Inc
