id,login,password
1,bernita@example.net,vhDFsAols4T6ruSFk
2,frankie@example.net,459YM5ZS
3,clement@example.com,8HpIBb3xRIWWYca92
4,helga@example.com,EebYFJ6HFsBlA0
5,jalon@example.com,Zwc3gn525RtV
6,jared@example.net,xXovBJe5Emir
7,serena@example.net,gcVoRw
8,enoch@example.org,eEUMcgQS8
9,iliana@example.org,ljaZ9SBqd1rWEjwfkq
10,stanley@example.net,poPY15oDkmpZhELccf
11,dee@example.com,vXiEtLgfN
12,jason@example.net,qLgnCf1E11LFMG
13,modesto@example.net,QTIyM
14,carlos@example.com,vCZT2E1mmRzAzXjKm
15,luisa@example.org,lngUyHa
16,lucious@example.com,Y0KVa
17,annette@example.org,h2jzA4nMAg7
18,dangelo@example.org,JkEic3tR
19,merlin@example.com,XAs9nnQIfb
20,zoie@example.net,c1fp8D
21,clyde@example.com,dJlSgWzplaL
22,alek@example.net,t0HBwGlPwKA8KtajxW
23,jazmin@example.net,HOP13R7
24,royce@example.org,0otG7UpG
25,green@example.org,x6x4pyRuvxqs9cgiOT
26,kassandra@example.net,w1y7S
27,kaitlyn@example.com,qir0etmcWYHFjJe9Dn
28,josiah@example.net,KhLndy5u0NfIrxTm5pz
29,jayme@example.com,nWRbH
30,brooke@example.com,OaRZTLk76oE
31,enrique@example.com,SKUE5YBDX3T
32,mafalda@example.com,gdZ3x2
33,fernando@example.net,W1pOpBWZkVNq
34,bernadine@example.org,GRO2F36Hy1m
35,tommie@example.net,QC1VvwNNRNby
36,ethelyn@example.org,6HBaAxs7tvXgOE3Dlh
37,alan@example.net,HBGmC7bdqkcRq8E
38,mckenna@example.org,0zHzDZCBmKpe
39,kelsie@example.com,veCxKl4Uu
40,jana@example.net,4kt0IyV
41,coleman@example.org,iVxP9RR3D63vjbb8B
42,hilda@example.net,8dh8KvdjmFLhGEFFe
43,jewell@example.net,mu4pa8Ym5NiF2WdNI
44,antonietta@example.com,LhbYeR
45,peyton@example.org,lL1tzGOpIiPT1QHP
46,isabelle@example.org,1HNRxYjwAXBMbvr8i1V
47,payton@example.com,biq9rd
48,frank@example.org,tUe720JzRt4vd5GD
49,vada@example.com,BLZY1zkiDPpjeY
50,michelle@example.net,Q5rW4VM7Ch
51,evangeline@example.net,RH9H4pMYn6EajyIMfvbu
52,abelardo@example.com,UJ97sYiwNpgpxJ3n
53,aurelio@example.com,yqRdN
54,hassie@example.com,655oScvcp3f9lObx
55,amos@example.org,FQYQcRN6
56,garett@example.org,jsC5Vk1q5CypY5
57,gabe@example.net,E7nkwqoofIHt1
58,caleb@example.net,TQbyQs4XcCgES
59,nicolas@example.org,0XEoPiWM3SqrY5Mh
60,teresa@example.net,uvyykZZL
61,aletha@example.com,iVuTGwPTE
62,solon@example.net,nHjvt7
63,elisa@example.com,MQ20FfV9zI3dyaLVpki9
64,abner@example.net,zeHM21Si
65,skylar@example.org,6zkbERV9wBfgzsZ
66,zita@example.com,sD2UTj7reF1UZcV
67,anastasia@example.net,6B4sAYWm6VqW1C
68,haylee@example.com,Rm69Oc1Y1
69,ervin@example.com,iMDQFhqk1Vz946
70,aditya@example.com,SKk01lisucRI
71,kristin@example.org,oCsgd45C3AADxYOVP
72,jacques@example.com,P7GWKRJUbkMi
73,newton@example.org,Wh506a
74,neoma@example.org,JHRiWL
75,destiny@example.org,KIcp614M2p0H
